code_pref,code_muni,name_muni,code_mesh3
1,100,札幌市,6440
1,100,札幌市,6441
1,101,札幌市中央区,6441
1,102,札幌市北区,6441
1,103,札幌市東区,6441
1,104,札幌市白石区,6441
1,105,札幌市豊平区,6441
1,106,札幌市南区,6440
1,106,札幌市南区,6441
1,107,札幌市西区,6441
1,108,札幌市厚別区,6441
1,109,札幌市手稲区,6441
1,110,札幌市清田区,6441
1,202,函館市,6240
1,202,函館市,6241
1,202,函館市,6340
1,203,小樽市,6440
1,203,小樽市,6441
1,204,旭川市,6542
1,205,室蘭市,6340
1,205,室蘭市,6341
1,206,釧路市,6443
1,206,釧路市,6444
1,206,釧路市,6543
1,206,釧路市,6544
1,207,帯広市,6342
1,207,帯広市,6343
1,207,帯広市,6442
1,207,帯広市,6443
1,208,北見市,6543
1,208,北見市,6544
1,208,北見市,6643
1,208,北見市,6644
1,209,夕張市,6441
1,209,夕張市,6442
1,210,岩見沢市,6441
1,210,岩見沢市,6442
1,210,岩見沢市,6541
1,211,網走市,6544
1,211,網走市,6644
1,212,留萌市,6541
1,213,苫小牧市,6341
1,213,苫小牧市,6441
1,214,稚内市,6741
1,214,稚内市,6742
1,214,稚内市,6841
1,214,稚内市,6842
1,215,美唄市,6441
1,215,美唄市,6442
1,215,美唄市,6541
1,215,美唄市,6542
1,216,芦別市,6442
1,216,芦別市,6542
1,217,江別市,6441
1,218,赤平市,6541
1,218,赤平市,6542
1,219,紋別市,6543
1,219,紋別市,6643
1,220,士別市,6542
1,220,士別市,6642
1,221,名寄市,6642
1,222,三笠市,6441
1,222,三笠市,6442
1,222,三笠市,6542
1,223,根室市,6445
1,223,根室市,6545
1,223,根室市,6546
1,224,千歳市,6441
1,225,滝川市,6541
1,225,滝川市,6542
1,226,砂川市,6541
1,227,歌志内市,6541
1,227,歌志内市,6542
1,228,深川市,6541
1,228,深川市,6542
1,228,深川市,6642
1,229,富良野市,6442
1,229,富良野市,6542
1,230,登別市,6340
1,230,登別市,6341
1,231,恵庭市,6441
1,233,伊達市,6340
1,233,伊達市,6341
1,233,伊達市,6440
1,233,伊達市,6441
1,234,北広島市,6441
1,235,石狩市,6441
1,235,石狩市,6541
1,236,北斗市,6240
1,303,当別町,6441
1,303,当別町,6541
1,304,新篠津村,6441
1,331,松前町,6239
1,331,松前町,6240
1,332,福島町,6240
1,333,知内町,6240
1,334,木古内町,6240
1,337,七飯町,6240
1,337,七飯町,6340
1,343,鹿部町,6240
1,343,鹿部町,6340
1,345,森町,6240
1,345,森町,6340
1,346,八雲町,6339
1,346,八雲町,6340
1,347,長万部町,6340
1,361,江差町,6240
1,362,上ノ国町,6239
1,362,上ノ国町,6240
1,363,厚沢部町,6240
1,363,厚沢部町,6340
1,364,乙部町,6240
1,364,乙部町,6340
1,367,奥尻町,6339
1,370,今金町,6339
1,370,今金町,6340
1,371,せたな町,6339
1,371,せたな町,6340
1,391,島牧村,6339
1,391,島牧村,6340
1,391,島牧村,6439
1,391,島牧村,6440
1,392,寿都町,6440
1,393,黒松内町,6340
1,393,黒松内町,6440
1,394,蘭越町,6340
1,394,蘭越町,6440
1,395,ニセコ町,6440
1,396,真狩村,6340
1,396,真狩村,6440
1,397,留寿都村,6440
1,397,留寿都村,6441
1,398,喜茂別町,6440
1,398,喜茂別町,6441
1,399,京極町,6440
1,399,京極町,6441
1,400,倶知安町,6440
1,401,共和町,6440
1,402,岩内町,6440
1,403,泊村,6440
1,404,神恵内村,6440
1,405,積丹町,6440
1,405,積丹町,6540
1,406,古平町,6440
1,407,仁木町,6440
1,408,余市町,6440
1,409,赤井川村,6440
1,409,赤井川村,6441
1,423,南幌町,6441
1,424,奈井江町,6541
1,424,奈井江町,6542
1,425,上砂川町,6541
1,425,上砂川町,6542
1,427,由仁町,6441
1,427,由仁町,6442
1,428,長沼町,6441
1,429,栗山町,6441
1,430,月形町,6441
1,430,月形町,6541
1,431,浦臼町,6541
1,432,新十津川町,6541
1,433,妹背牛町,6541
1,434,秩父別町,6541
1,434,秩父別町,6542
1,436,雨竜町,6541
1,437,北竜町,6541
1,438,沼田町,6541
1,438,沼田町,6542
1,438,沼田町,6641
1,438,沼田町,6642
1,452,鷹栖町,6542
1,453,東神楽町,6542
1,454,当麻町,6542
1,455,比布町,6542
1,456,愛別町,6542
1,456,愛別町,6642
1,457,上川町,6542
1,457,上川町,6543
1,458,東川町,6542
1,459,美瑛町,6542
1,460,上富良野町,6542
1,461,中富良野町,6542
1,462,南富良野町,6442
1,462,南富良野町,6542
1,463,占冠村,6442
1,464,和寒町,6542
1,464,和寒町,6642
1,465,剣淵町,6642
1,468,下川町,6642
1,469,美深町,6642
1,469,美深町,6742
1,470,音威子府村,6642
1,470,音威子府村,6742
1,471,中川町,6641
1,471,中川町,6642
1,471,中川町,6741
1,471,中川町,6742
1,472,幌加内町,6542
1,472,幌加内町,6642
1,481,増毛町,6541
1,482,小平町,6541
1,482,小平町,6542
1,482,小平町,6641
1,482,小平町,6642
1,483,苫前町,6641
1,483,苫前町,6642
1,484,羽幌町,6641
1,484,羽幌町,6642
1,485,初山別村,6641
1,486,遠別町,6641
1,486,遠別町,6642
1,486,遠別町,6741
1,486,遠別町,6742
1,487,天塩町,6741
1,487,天塩町,6742
1,511,猿払村,6741
1,511,猿払村,6742
1,511,猿払村,6841
1,511,猿払村,6842
1,512,浜頓別町,6742
1,513,中頓別町,6742
1,514,枝幸町,6642
1,514,枝幸町,6742
1,516,豊富町,6741
1,516,豊富町,6742
1,517,礼文町,6740
1,517,礼文町,6741
1,517,礼文町,6840
1,517,礼文町,6841
1,518,利尻町,6741
1,519,利尻富士町,6741
1,520,幌延町,6741
1,520,幌延町,6742
1,543,美幌町,6543
1,543,美幌町,6544
1,544,津別町,6543
1,544,津別町,6544
1,545,斜里町,6544
1,545,斜里町,6545
1,545,斜里町,6644
1,545,斜里町,6645
1,546,清里町,6544
1,547,小清水町,6544
1,549,訓子府町,6543
1,550,置戸町,6543
1,552,佐呂間町,6543
1,552,佐呂間町,6643
1,555,遠軽町,6543
1,555,遠軽町,6643
1,559,湧別町,6543
1,559,湧別町,6643
1,560,滝上町,6542
1,560,滝上町,6543
1,560,滝上町,6642
1,560,滝上町,6643
1,561,興部町,6642
1,561,興部町,6643
1,562,西興部村,6642
1,562,西興部村,6643
1,563,雄武町,6642
1,563,雄武町,6643
1,563,雄武町,6742
1,564,大空町,6544
1,571,豊浦町,6340
1,571,豊浦町,6440
1,575,壮瞥町,6340
1,575,壮瞥町,6341
1,578,白老町,6341
1,578,白老町,6441
1,581,厚真町,6341
1,581,厚真町,6342
1,581,厚真町,6441
1,581,厚真町,6442
1,584,洞爺湖町,6340
1,584,洞爺湖町,6440
1,585,安平町,6441
1,586,むかわ町,6341
1,586,むかわ町,6342
1,586,むかわ町,6441
1,586,むかわ町,6442
1,601,日高町,6341
1,601,日高町,6342
1,601,日高町,6442
1,602,平取町,6342
1,602,平取町,6442
1,604,新冠町,6342
1,604,新冠町,6442
1,607,浦河町,6342
1,607,浦河町,6343
1,608,様似町,6342
1,608,様似町,6343
1,609,えりも町,6243
1,609,えりも町,6343
1,610,新ひだか町,6342
1,610,新ひだか町,6442
1,631,音更町,6443
1,632,士幌町,6443
1,633,上士幌町,6443
1,633,上士幌町,6543
1,634,鹿追町,6442
1,634,鹿追町,6443
1,634,鹿追町,6543
1,635,新得町,6442
1,635,新得町,6443
1,635,新得町,6542
1,635,新得町,6543
1,636,清水町,6442
1,636,清水町,6443
1,637,芽室町,6442
1,637,芽室町,6443
1,638,中札内村,6342
1,638,中札内村,6343
1,638,中札内村,6442
1,638,中札内村,6443
1,639,更別村,6343
1,639,更別村,6443
1,641,大樹町,6342
1,641,大樹町,6343
1,641,大樹町,6443
1,642,広尾町,6342
1,642,広尾町,6343
1,643,幕別町,6343
1,643,幕別町,6443
1,644,池田町,6443
1,645,豊頃町,6343
1,645,豊頃町,6443
1,646,本別町,6443
1,647,足寄町,6443
1,647,足寄町,6543
1,647,足寄町,6544
1,648,陸別町,6543
1,649,浦幌町,6443
1,661,釧路町,6444
1,662,厚岸町,6444
1,662,厚岸町,6445
1,662,厚岸町,6544
1,663,浜中町,6444
1,663,浜中町,6445
1,664,標茶町,6444
1,664,標茶町,6544
1,665,弟子屈町,6544
1,667,鶴居村,6444
1,667,鶴居村,6544
1,668,白糠町,6443
1,668,白糠町,6444
1,668,白糠町,6543
1,668,白糠町,6544
1,691,別海町,6444
1,691,別海町,6445
1,691,別海町,6544
1,691,別海町,6545
1,692,中標津町,6544
1,692,中標津町,6545
1,693,標津町,6544
1,693,標津町,6545
1,694,羅臼町,6544
1,694,羅臼町,6545
1,694,羅臼町,6645
1,695,色丹村,6546
1,696,泊村,6545
1,696,泊村,6645
1,697,留夜別村,6645
1,697,留夜別村,6646
1,698,留別村,6646
1,698,留別村,6647
1,698,留別村,6747
1,699,紗那村,6747
1,699,紗那村,6748
1,699,紗那村,6847
1,699,紗那村,6848
1,700,蘂取村,6748
1,700,蘂取村,6848
#VALUE!,#VALUE!,市区町村名,#VALUE!
2,201,青森市,6040
2,201,青森市,6140
2,202,弘前市,6040
2,202,弘前市,6140
2,203,八戸市,6041
2,204,黒石市,6040
2,204,黒石市,6140
2,205,五所川原市,6140
2,206,十和田市,6040
2,206,十和田市,6041
2,206,十和田市,6140
2,206,十和田市,6141
2,207,三沢市,6041
2,207,三沢市,6141
2,208,むつ市,6140
2,208,むつ市,6141
2,208,むつ市,6240
2,208,むつ市,6241
2,209,つがる市,6140
2,210,平川市,6040
2,301,平内町,6140
2,301,平内町,6141
2,303,今別町,6140
2,304,蓬田村,6140
2,307,外ヶ浜町,6140
2,321,鰺ヶ沢町,6040
2,321,鰺ヶ沢町,6140
2,323,深浦町,6039
2,323,深浦町,6040
2,323,深浦町,6139
2,323,深浦町,6140
2,343,西目屋村,6040
2,361,藤崎町,6040
2,361,藤崎町,6140
2,362,大鰐町,6040
2,367,田舎館村,6040
2,367,田舎館村,6140
2,381,板柳町,6040
2,381,板柳町,6140
2,384,鶴田町,6140
2,387,中泊町,6140
2,401,野辺地町,6141
2,402,七戸町,6041
2,402,七戸町,6140
2,402,七戸町,6141
2,405,六戸町,6041
2,405,六戸町,6141
2,406,横浜町,6141
2,408,東北町,6041
2,408,東北町,6141
2,411,六ヶ所村,6141
2,412,おいらせ町,6041
2,412,おいらせ町,6141
2,423,大間町,6240
2,424,東通村,6141
2,424,東通村,6241
2,425,風間浦村,6240
2,425,風間浦村,6241
2,426,佐井村,6140
2,426,佐井村,6240
2,441,三戸町,6040
2,441,三戸町,6041
2,442,五戸町,6041
2,443,田子町,6040
2,443,田子町,6041
2,445,南部町,6041
2,446,階上町,6041
2,450,新郷村,6040
2,450,新郷村,6041
3,201,盛岡市,5940
3,201,盛岡市,5941
3,202,宮古市,5941
3,202,宮古市,5942
3,203,大船渡市,5841
3,205,花巻市,5841
3,205,花巻市,5940
3,205,花巻市,5941
3,206,北上市,5840
3,206,北上市,5841
3,206,北上市,5940
3,206,北上市,5941
3,207,久慈市,6041
3,208,遠野市,5841
3,208,遠野市,5941
3,209,一関市,5840
3,209,一関市,5841
3,210,陸前高田市,5841
3,211,釜石市,5841
3,211,釜石市,5941
3,213,二戸市,6041
3,214,八幡平市,5940
3,214,八幡平市,5941
3,214,八幡平市,6040
3,214,八幡平市,6041
3,215,奥州市,5840
3,215,奥州市,5841
3,216,滝沢市,5941
3,301,雫石町,5940
3,301,雫石町,5941
3,302,葛巻町,5941
3,302,葛巻町,6041
3,303,岩手町,5941
3,303,岩手町,6041
3,321,紫波町,5940
3,321,紫波町,5941
3,322,矢巾町,5941
3,366,西和賀町,5840
3,366,西和賀町,5940
3,381,金ケ崎町,5840
3,381,金ケ崎町,5841
3,402,平泉町,5841
3,441,住田町,5841
3,461,大槌町,5941
3,482,山田町,5941
3,482,山田町,5942
3,483,岩泉町,5941
3,483,岩泉町,6041
3,484,田野畑村,5941
3,485,普代村,5941
3,485,普代村,6041
3,501,軽米町,6041
3,503,野田村,6041
3,506,九戸村,6041
3,507,洋野町,6041
3,524,一戸町,6041
4,100,仙台市,5740
4,100,仙台市,5741
4,101,仙台市青葉区,5740
4,102,仙台市宮城野区,5740
4,102,仙台市宮城野区,5741
4,103,仙台市若林区,5740
4,104,仙台市太白区,5740
4,105,仙台市泉区,5740
4,202,石巻市,5741
4,203,塩竈市,5740
4,203,塩竈市,5741
4,205,気仙沼市,5841
4,206,白石市,5640
4,206,白石市,5740
4,207,名取市,5740
4,208,角田市,5640
4,208,角田市,5740
4,209,多賀城市,5740
4,209,多賀城市,5741
4,211,岩沼市,5740
4,212,登米市,5741
4,212,登米市,5841
4,213,栗原市,5740
4,213,栗原市,5741
4,213,栗原市,5840
4,213,栗原市,5841
4,214,東松島市,5741
4,215,大崎市,5740
4,215,大崎市,5741
4,215,大崎市,5840
4,216,富谷市,5740
4,301,蔵王町,5740
4,302,七ヶ宿町,5640
4,302,七ヶ宿町,5740
4,321,大河原町,5740
4,322,村田町,5740
4,323,柴田町,5740
4,324,川崎町,5740
4,341,丸森町,5640
4,361,亘理町,5640
4,361,亘理町,5740
4,362,山元町,5640
4,362,山元町,5740
4,401,松島町,5741
4,404,七ヶ浜町,5741
4,406,利府町,5740
4,406,利府町,5741
4,421,大和町,5740
4,422,大郷町,5740
4,422,大郷町,5741
4,424,大衡村,5740
4,444,色麻町,5740
4,445,加美町,5740
4,445,加美町,5840
4,501,涌谷町,5741
4,505,美里町,5740
4,505,美里町,5741
4,581,女川町,5741
4,606,南三陸町,5741
4,606,南三陸町,5841
5,201,秋田市,5940
5,202,能代市,6039
5,202,能代市,6040
5,203,横手市,5840
5,203,横手市,5940
5,204,大館市,6040
5,206,男鹿市,5939
5,206,男鹿市,6039
5,207,湯沢市,5840
5,209,鹿角市,5940
5,209,鹿角市,6040
5,210,由利本荘市,5839
5,210,由利本荘市,5840
5,210,由利本荘市,5939
5,210,由利本荘市,5940
5,211,潟上市,5939
5,211,潟上市,5940
5,212,大仙市,5940
5,213,北秋田市,5940
5,213,北秋田市,6040
5,214,にかほ市,5839
5,214,にかほ市,5840
5,215,仙北市,5940
5,303,小坂町,6040
5,327,上小阿仁村,5940
5,327,上小阿仁村,6040
5,346,藤里町,6040
5,348,三種町,5940
5,348,三種町,6039
5,348,三種町,6040
5,349,八峰町,6039
5,349,八峰町,6040
5,361,五城目町,5940
5,361,五城目町,6040
5,363,八郎潟町,5940
5,366,井川町,5940
5,368,大潟村,5939
5,368,大潟村,5940
5,368,大潟村,6039
5,368,大潟村,6040
5,434,美郷町,5940
5,463,羽後町,5840
5,464,東成瀬村,5840
6,201,山形市,5740
6,202,米沢市,5639
6,202,米沢市,5640
6,203,鶴岡市,5739
6,203,鶴岡市,5740
6,203,鶴岡市,5839
6,204,酒田市,5839
6,204,酒田市,5840
6,205,新庄市,5840
6,206,寒河江市,5740
6,207,上山市,5740
6,208,村山市,5740
6,209,長井市,5739
6,209,長井市,5740
6,210,天童市,5740
6,211,東根市,5740
6,212,尾花沢市,5740
6,212,尾花沢市,5840
6,213,南陽市,5740
6,301,山辺町,5740
6,302,中山町,5740
6,321,河北町,5740
6,322,西川町,5739
6,322,西川町,5740
6,323,朝日町,5739
6,323,朝日町,5740
6,324,大江町,5739
6,324,大江町,5740
6,341,大石田町,5740
6,361,金山町,5840
6,362,最上町,5740
6,362,最上町,5840
6,363,舟形町,5740
6,363,舟形町,5840
6,364,真室川町,5840
6,365,大蔵村,5740
6,365,大蔵村,5840
6,366,鮭川村,5840
6,367,戸沢村,5740
6,367,戸沢村,5840
6,381,高畠町,5640
6,381,高畠町,5740
6,382,川西町,5639
6,382,川西町,5640
6,382,川西町,5739
6,382,川西町,5740
6,401,小国町,5639
6,401,小国町,5739
6,402,白鷹町,5739
6,402,白鷹町,5740
6,403,飯豊町,5639
6,403,飯豊町,5739
6,403,飯豊町,5740
6,426,三川町,5839
6,428,庄内町,5739
6,428,庄内町,5740
6,428,庄内町,5839
6,428,庄内町,5840
6,461,遊佐町,5839
6,461,遊佐町,5840
7,201,福島市,5640
7,202,会津若松市,5539
7,202,会津若松市,5540
7,202,会津若松市,5639
7,202,会津若松市,5640
7,203,郡山市,5540
7,203,郡山市,5640
7,204,いわき市,5540
7,204,いわき市,5541
7,205,白河市,5540
7,207,須賀川市,5540
7,207,須賀川市,5640
7,208,喜多方市,5639
7,208,喜多方市,5640
7,209,相馬市,5640
7,209,相馬市,5641
7,210,二本松市,5640
7,211,田村市,5540
7,211,田村市,5640
7,212,南相馬市,5640
7,212,南相馬市,5641
7,213,伊達市,5640
7,214,本宮市,5640
7,301,桑折町,5640
7,303,国見町,5640
7,308,川俣町,5640
7,322,大玉村,5640
7,342,鏡石町,5540
7,344,天栄村,5539
7,344,天栄村,5540
7,344,天栄村,5640
7,362,下郷町,5539
7,362,下郷町,5540
7,362,下郷町,5639
7,364,檜枝岐村,5539
7,367,只見町,5539
7,367,只見町,5639
7,368,南会津町,5539
7,402,北塩原村,5639
7,402,北塩原村,5640
7,405,西会津町,5639
7,407,磐梯町,5639
7,407,磐梯町,5640
7,408,猪苗代町,5640
7,421,会津坂下町,5639
7,422,湯川村,5639
7,423,柳津町,5639
7,444,三島町,5639
7,445,金山町,5539
7,445,金山町,5639
7,446,昭和村,5539
7,446,昭和村,5639
7,447,会津美里町,5539
7,447,会津美里町,5639
7,461,西郷村,5539
7,461,西郷村,5540
7,464,泉崎村,5540
7,465,中島村,5540
7,466,矢吹町,5540
7,481,棚倉町,5540
7,482,矢祭町,5540
7,483,塙町,5540
7,484,鮫川村,5540
7,501,石川町,5540
7,502,玉川村,5540
7,503,平田村,5540
7,504,浅川町,5540
7,505,古殿町,5540
7,521,三春町,5640
7,522,小野町,5540
7,522,小野町,5640
7,541,広野町,5540
7,541,広野町,5541
7,542,楢葉町,5540
7,542,楢葉町,5541
7,542,楢葉町,5640
7,543,富岡町,5540
7,543,富岡町,5541
7,543,富岡町,5640
7,543,富岡町,5641
7,544,川内村,5540
7,544,川内村,5640
7,545,大熊町,5640
7,545,大熊町,5641
7,546,双葉町,5640
7,546,双葉町,5641
7,547,浪江町,5640
7,547,浪江町,5641
7,548,葛尾村,5640
7,561,新地町,5640
7,564,飯舘村,5640
8,201,水戸市,5440
8,202,日立市,5440
8,202,日立市,5540
8,203,土浦市,5440
8,204,古河市,5439
8,205,石岡市,5440
8,207,結城市,5439
8,208,龍ケ崎市,5340
8,208,龍ケ崎市,5440
8,210,下妻市,5439
8,210,下妻市,5440
8,211,常総市,5339
8,211,常総市,5439
8,211,常総市,5440
8,212,常陸太田市,5440
8,212,常陸太田市,5540
8,214,高萩市,5540
8,215,北茨城市,5540
8,216,笠間市,5440
8,217,取手市,5339
8,217,取手市,5340
8,219,牛久市,5340
8,219,牛久市,5440
8,220,つくば市,5340
8,220,つくば市,5439
8,220,つくば市,5440
8,221,ひたちなか市,5440
8,222,鹿嶋市,5340
8,222,鹿嶋市,5440
8,223,潮来市,5340
8,223,潮来市,5440
8,224,守谷市,5339
8,224,守谷市,5340
8,225,常陸大宮市,5440
8,225,常陸大宮市,5540
8,226,那珂市,5440
8,227,筑西市,5439
8,227,筑西市,5440
8,228,坂東市,5339
8,228,坂東市,5439
8,229,稲敷市,5340
8,229,稲敷市,5440
8,230,かすみがうら市,5440
8,231,桜川市,5440
8,232,神栖市,5340
8,233,行方市,5340
8,233,行方市,5440
8,234,鉾田市,5440
8,235,つくばみらい市,5339
8,235,つくばみらい市,5340
8,235,つくばみらい市,5439
8,235,つくばみらい市,5440
8,236,小美玉市,5440
8,302,茨城町,5440
8,309,大洗町,5440
8,310,城里町,5440
8,341,東海村,5440
8,364,大子町,5540
8,442,美浦村,5340
8,442,美浦村,5440
8,443,阿見町,5340
8,443,阿見町,5440
8,447,河内町,5340
8,521,八千代町,5439
8,542,五霞町,5439
8,546,境町,5439
8,564,利根町,5340
9,201,宇都宮市,5439
9,201,宇都宮市,5440
9,201,宇都宮市,5539
9,202,足利市,5439
9,203,栃木市,5439
9,204,佐野市,5439
9,205,鹿沼市,5439
9,205,鹿沼市,5539
9,206,日光市,5439
9,206,日光市,5539
9,208,小山市,5439
9,209,真岡市,5439
9,209,真岡市,5440
9,210,大田原市,5539
9,210,大田原市,5540
9,211,矢板市,5539
9,213,那須塩原市,5539
9,213,那須塩原市,5540
9,214,さくら市,5439
9,214,さくら市,5440
9,214,さくら市,5539
9,214,さくら市,5540
9,215,那須烏山市,5440
9,215,那須烏山市,5540
9,216,下野市,5439
9,301,上三川町,5439
9,342,益子町,5440
9,343,茂木町,5440
9,344,市貝町,5440
9,345,芳賀町,5439
9,345,芳賀町,5440
9,361,壬生町,5439
9,364,野木町,5439
9,384,塩谷町,5539
9,386,高根沢町,5439
9,386,高根沢町,5440
9,386,高根沢町,5539
9,386,高根沢町,5540
9,407,那須町,5539
9,407,那須町,5540
9,411,那珂川町,5540
10,201,前橋市,5439
10,202,高崎市,5438
10,202,高崎市,5439
10,203,桐生市,5439
10,204,伊勢崎市,5439
10,205,太田市,5439
10,206,沼田市,5438
10,206,沼田市,5439
10,206,沼田市,5539
10,207,館林市,5439
10,208,渋川市,5438
10,208,渋川市,5439
10,209,藤岡市,5438
10,209,藤岡市,5439
10,210,富岡市,5438
10,211,安中市,5438
10,212,みどり市,5439
10,344,榛東村,5438
10,344,榛東村,5439
10,345,吉岡町,5438
10,345,吉岡町,5439
10,366,上野村,5338
10,366,上野村,5438
10,367,神流町,5438
10,382,下仁田町,5438
10,383,南牧村,5438
10,384,甘楽町,5438
10,421,中之条町,5438
10,421,中之条町,5538
10,424,長野原町,5438
10,425,嬬恋村,5438
10,426,草津町,5438
10,428,高山村,5438
10,429,東吾妻町,5438
10,443,片品村,5539
10,444,川場村,5439
10,444,川場村,5539
10,448,昭和村,5439
10,449,みなかみ町,5438
10,449,みなかみ町,5439
10,449,みなかみ町,5538
10,449,みなかみ町,5539
10,464,玉村町,5439
10,521,板倉町,5439
10,522,明和町,5439
10,523,千代田町,5439
10,524,大泉町,5439
10,525,邑楽町,5439
11,100,さいたま市,5339
11,100,さいたま市,5439
11,101,さいたま市西区,5339
11,102,さいたま市北区,5339
11,103,さいたま市大宮区,5339
11,104,さいたま市見沼区,5339
11,105,さいたま市中央区,5339
11,106,さいたま市桜区,5339
11,107,さいたま市浦和区,5339
11,108,さいたま市南区,5339
11,109,さいたま市緑区,5339
11,110,さいたま市岩槻区,5339
11,110,さいたま市岩槻区,5439
11,201,川越市,5339
11,202,熊谷市,5439
11,203,川口市,5339
11,206,行田市,5439
11,207,秩父市,5338
11,207,秩父市,5339
11,207,秩父市,5438
11,207,秩父市,5439
11,208,所沢市,5339
11,209,飯能市,5339
11,210,加須市,5439
11,211,本庄市,5439
11,212,東松山市,5339
11,212,東松山市,5439
11,214,春日部市,5339
11,214,春日部市,5439
11,215,狭山市,5339
11,216,羽生市,5439
11,217,鴻巣市,5439
11,218,深谷市,5439
11,219,上尾市,5339
11,219,上尾市,5439
11,221,草加市,5339
11,222,越谷市,5339
11,223,蕨市,5339
11,224,戸田市,5339
11,225,入間市,5339
11,227,朝霞市,5339
11,228,志木市,5339
11,229,和光市,5339
11,230,新座市,5339
11,231,桶川市,5339
11,231,桶川市,5439
11,232,久喜市,5439
11,233,北本市,5339
11,233,北本市,5439
11,234,八潮市,5339
11,235,富士見市,5339
11,237,三郷市,5339
11,238,蓮田市,5339
11,238,蓮田市,5439
11,239,坂戸市,5339
11,240,幸手市,5439
11,241,鶴ヶ島市,5339
11,242,日高市,5339
11,243,吉川市,5339
11,245,ふじみ野市,5339
11,246,白岡市,5339
11,246,白岡市,5439
11,301,伊奈町,5339
11,301,伊奈町,5439
11,324,三芳町,5339
11,326,毛呂山町,5339
11,327,越生町,5339
11,341,滑川町,5439
11,342,嵐山町,5439
11,343,小川町,5439
11,346,川島町,5339
11,346,川島町,5439
11,347,吉見町,5439
11,348,鳩山町,5339
11,348,鳩山町,5439
11,349,ときがわ町,5339
11,349,ときがわ町,5439
11,361,横瀬町,5339
11,361,横瀬町,5439
11,362,皆野町,5439
11,363,長瀞町,5439
11,365,小鹿野町,5338
11,365,小鹿野町,5339
11,365,小鹿野町,5438
11,365,小鹿野町,5439
11,369,東秩父村,5339
11,369,東秩父村,5439
11,381,美里町,5439
11,383,神川町,5438
11,383,神川町,5439
11,385,上里町,5439
11,408,寄居町,5439
11,442,宮代町,5339
11,442,宮代町,5439
11,464,杉戸町,5339
11,464,杉戸町,5439
11,465,松伏町,5339
12,100,千葉市,5340
12,101,千葉市中央区,5340
12,102,千葉市花見川区,5340
12,103,千葉市稲毛区,5340
12,104,千葉市若葉区,5340
12,105,千葉市緑区,5340
12,106,千葉市美浜区,5340
12,202,銚子市,5340
12,203,市川市,5339
12,204,船橋市,5339
12,204,船橋市,5340
12,205,館山市,5239
12,206,木更津市,5239
12,206,木更津市,5240
12,206,木更津市,5339
12,206,木更津市,5340
12,207,松戸市,5339
12,207,松戸市,5340
12,208,野田市,5339
12,208,野田市,5439
12,210,茂原市,5340
12,211,成田市,5340
12,212,佐倉市,5340
12,213,東金市,5340
12,215,旭市,5340
12,216,習志野市,5339
12,216,習志野市,5340
12,217,柏市,5339
12,217,柏市,5340
12,218,勝浦市,5240
12,219,市原市,5240
12,219,市原市,5340
12,220,流山市,5339
12,221,八千代市,5340
12,222,我孫子市,5339
12,222,我孫子市,5340
12,223,鴨川市,5239
12,223,鴨川市,5240
12,224,鎌ケ谷市,5339
12,224,鎌ケ谷市,5340
12,225,君津市,5239
12,225,君津市,5240
12,225,君津市,5339
12,225,君津市,5340
12,226,富津市,5239
12,226,富津市,5240
12,226,富津市,5339
12,227,浦安市,5339
12,228,四街道市,5340
12,229,袖ケ浦市,5339
12,229,袖ケ浦市,5340
12,230,八街市,5340
12,231,印西市,5340
12,232,白井市,5340
12,233,富里市,5340
12,234,南房総市,5239
12,234,南房総市,5240
12,235,匝瑳市,5340
12,236,香取市,5340
12,237,山武市,5340
12,238,いすみ市,5240
12,238,いすみ市,5340
12,239,大網白里市,5340
12,322,酒々井町,5340
12,329,栄町,5340
12,342,神崎町,5340
12,347,多古町,5340
12,349,東庄町,5340
12,403,九十九里町,5340
12,409,芝山町,5340
12,410,横芝光町,5340
12,421,一宮町,5240
12,421,一宮町,5340
12,422,睦沢町,5240
12,422,睦沢町,5340
12,423,長生村,5340
12,424,白子町,5340
12,426,長柄町,5340
12,427,長南町,5240
12,427,長南町,5340
12,441,大多喜町,5240
12,443,御宿町,5240
12,463,鋸南町,5239
12,999,境界未定地域,5339
13,100,東京23区,5339
13,101,千代田区,5339
13,102,中央区,5339
13,103,港区,5339
13,104,新宿区,5339
13,105,文京区,5339
13,106,台東区,5339
13,107,墨田区,5339
13,108,江東区,5339
13,109,品川区,5339
13,110,目黒区,5339
13,111,大田区,5339
13,112,世田谷区,5339
13,113,渋谷区,5339
13,114,中野区,5339
13,115,杉並区,5339
13,116,豊島区,5339
13,117,北区,5339
13,118,荒川区,5339
13,119,板橋区,5339
13,120,練馬区,5339
13,121,足立区,5339
13,122,葛飾区,5339
13,123,江戸川区,5339
13,199,境界未定地域,5339
13,201,八王子市,5339
13,202,立川市,5339
13,203,武蔵野市,5339
13,204,三鷹市,5339
13,205,青梅市,5339
13,206,府中市,5339
13,207,昭島市,5339
13,208,調布市,5339
13,209,町田市,5339
13,210,小金井市,5339
13,211,小平市,5339
13,212,日野市,5339
13,213,東村山市,5339
13,214,国分寺市,5339
13,215,国立市,5339
13,218,福生市,5339
13,219,狛江市,5339
13,220,東大和市,5339
13,221,清瀬市,5339
13,222,東久留米市,5339
13,223,武蔵村山市,5339
13,224,多摩市,5339
13,225,稲城市,5339
13,227,羽村市,5339
13,228,あきる野市,5339
13,229,西東京市,5339
13,303,瑞穂町,5339
13,305,日の出町,5339
13,307,檜原村,5339
13,308,奥多摩町,5338
13,308,奥多摩町,5339
13,361,大島町,5239
13,362,利島村,5139
13,363,新島村,5139
13,364,神津島村,5038
13,364,神津島村,5139
13,381,三宅村,5139
13,382,御蔵島村,5039
13,401,八丈町,4939
13,402,青ヶ島村,4839
13,421,小笠原村,3036
13,421,小笠原村,3641
13,421,小笠原村,3653
13,421,小笠原村,3741
13,421,小笠原村,3841
13,421,小笠原村,3942
13,421,小笠原村,4040
13,421,小笠原村,4042
13,421,小笠原村,4142
13,999,境界未定地域,4440
13,999,境界未定地域,4540
13,999,境界未定地域,4739
13,999,境界未定地域,4740
14,100,横浜市,5239
14,100,横浜市,5339
14,101,横浜市鶴見区,5339
14,102,横浜市神奈川区,5339
14,103,横浜市西区,5339
14,104,横浜市中区,5339
14,105,横浜市南区,5339
14,106,横浜市保土ケ谷区,5339
14,107,横浜市磯子区,5339
14,108,横浜市金沢区,5239
14,108,横浜市金沢区,5339
14,109,横浜市港北区,5339
14,110,横浜市戸塚区,5339
14,111,横浜市港南区,5339
14,112,横浜市旭区,5339
14,113,横浜市緑区,5339
14,114,横浜市瀬谷区,5339
14,115,横浜市栄区,5339
14,116,横浜市泉区,5339
14,117,横浜市青葉区,5339
14,118,横浜市都筑区,5339
14,130,川崎市,5339
14,131,川崎市川崎区,5339
14,132,川崎市幸区,5339
14,133,川崎市中原区,5339
14,134,川崎市高津区,5339
14,135,川崎市多摩区,5339
14,136,川崎市宮前区,5339
14,137,川崎市麻生区,5339
14,150,相模原市,5339
14,151,相模原市緑区,5339
14,152,相模原市中央区,5339
14,153,相模原市南区,5339
14,201,横須賀市,5239
14,203,平塚市,5239
14,203,平塚市,5339
14,204,鎌倉市,5239
14,204,鎌倉市,5339
14,205,藤沢市,5239
14,205,藤沢市,5339
14,206,小田原市,5239
14,207,茅ヶ崎市,5239
14,207,茅ヶ崎市,5339
14,208,逗子市,5239
14,210,三浦市,5239
14,211,秦野市,5339
14,212,厚木市,5339
14,213,大和市,5339
14,214,伊勢原市,5339
14,215,海老名市,5339
14,216,座間市,5339
14,217,南足柄市,5239
14,217,南足柄市,5339
14,218,綾瀬市,5339
14,301,葉山町,5239
14,321,寒川町,5339
14,341,大磯町,5239
14,341,大磯町,5339
14,342,二宮町,5239
14,361,中井町,5239
14,361,中井町,5339
14,362,大井町,5239
14,362,大井町,5339
14,363,松田町,5339
14,364,山北町,5239
14,364,山北町,5338
14,364,山北町,5339
14,366,開成町,5239
14,366,開成町,5339
14,382,箱根町,5238
14,382,箱根町,5239
14,383,真鶴町,5239
14,384,湯河原町,5239
14,401,愛川町,5339
14,402,清川村,5339
15,100,新潟市,5638
15,100,新潟市,5639
15,100,新潟市,5739
15,101,新潟市北区,5639
15,101,新潟市北区,5739
15,102,新潟市東区,5639
15,103,新潟市中央区,5639
15,104,新潟市江南区,5639
15,105,新潟市秋葉区,5639
15,106,新潟市南区,5638
15,106,新潟市南区,5639
15,107,新潟市西区,5638
15,107,新潟市西区,5639
15,108,新潟市西蒲区,5638
15,202,長岡市,5538
15,202,長岡市,5638
15,202,長岡市,5639
15,204,三条市,5638
15,204,三条市,5639
15,205,柏崎市,5538
15,205,柏崎市,5638
15,206,新発田市,5639
15,206,新発田市,5739
15,208,小千谷市,5538
15,208,小千谷市,5638
15,209,加茂市,5638
15,209,加茂市,5639
15,210,十日町市,5538
15,211,見附市,5638
15,211,見附市,5639
15,212,村上市,5739
15,213,燕市,5638
15,216,糸魚川市,5537
15,216,糸魚川市,5538
15,217,妙高市,5538
15,218,五泉市,5639
15,222,上越市,5538
15,223,阿賀野市,5639
15,224,佐渡市,5638
15,224,佐渡市,5738
15,225,魚沼市,5538
15,225,魚沼市,5539
15,225,魚沼市,5638
15,225,魚沼市,5639
15,226,南魚沼市,5538
15,226,南魚沼市,5539
15,227,胎内市,5639
15,227,胎内市,5739
15,307,聖籠町,5639
15,307,聖籠町,5739
15,342,弥彦村,5638
15,361,田上町,5639
15,385,阿賀町,5639
15,405,出雲崎町,5638
15,461,湯沢町,5538
15,482,津南町,5538
15,504,刈羽村,5638
15,581,関川村,5639
15,581,関川村,5739
15,586,粟島浦村,5739
16,201,富山市,5437
16,201,富山市,5537
16,202,高岡市,5436
16,202,高岡市,5437
16,202,高岡市,5536
16,202,高岡市,5537
16,204,魚津市,5537
16,205,氷見市,5536
16,205,氷見市,5537
16,206,滑川市,5537
16,207,黒部市,5437
16,207,黒部市,5537
16,208,砺波市,5436
16,208,砺波市,5437
16,208,砺波市,5536
16,208,砺波市,5537
16,209,小矢部市,5436
16,209,小矢部市,5536
16,210,南砺市,5436
16,210,南砺市,5437
16,211,射水市,5437
16,211,射水市,5537
16,321,舟橋村,5537
16,322,上市町,5437
16,322,上市町,5537
16,323,立山町,5437
16,323,立山町,5537
16,342,入善町,5537
16,343,朝日町,5537
17,201,金沢市,5436
17,201,金沢市,5536
17,202,七尾市,5536
17,202,七尾市,5537
17,203,小松市,5436
17,204,輪島市,5536
17,204,輪島市,5636
17,204,輪島市,5637
17,205,珠洲市,5637
17,206,加賀市,5436
17,207,羽咋市,5536
17,209,かほく市,5536
17,210,白山市,5436
17,211,能美市,5436
17,212,野々市市,5436
17,324,川北町,5436
17,361,津幡町,5436
17,361,津幡町,5536
17,365,内灘町,5436
17,365,内灘町,5536
17,384,志賀町,5536
17,386,宝達志水町,5536
17,407,中能登町,5536
17,461,穴水町,5536
17,461,穴水町,5537
17,463,能登町,5536
17,463,能登町,5537
17,463,能登町,5636
17,463,能登町,5637
18,201,福井市,5335
18,201,福井市,5336
18,201,福井市,5435
18,201,福井市,5436
18,202,敦賀市,5335
18,202,敦賀市,5336
18,204,小浜市,5335
18,205,大野市,5336
18,205,大野市,5436
18,206,勝山市,5436
18,207,鯖江市,5336
18,207,鯖江市,5436
18,208,あわら市,5436
18,209,越前市,5336
18,210,坂井市,5436
18,322,永平寺町,5436
18,382,池田町,5336
18,404,南越前町,5336
18,423,越前町,5335
18,423,越前町,5336
18,423,越前町,5436
18,442,美浜町,5335
18,442,美浜町,5336
18,481,高浜町,5335
18,483,おおい町,5335
18,501,若狭町,5335
19,201,甲府市,5338
19,202,富士吉田市,5338
19,204,都留市,5338
19,204,都留市,5339
19,205,山梨市,5338
19,206,大月市,5338
19,206,大月市,5339
19,207,韮崎市,5338
19,208,南アルプス市,5338
19,209,北杜市,5338
19,210,甲斐市,5338
19,211,笛吹市,5338
19,212,上野原市,5338
19,212,上野原市,5339
19,213,甲州市,5338
19,214,中央市,5338
19,346,市川三郷町,5338
19,364,早川町,5238
19,364,早川町,5338
19,365,身延町,5238
19,365,身延町,5338
19,366,南部町,5238
19,366,南部町,5338
19,368,富士川町,5338
19,384,昭和町,5338
19,422,道志村,5338
19,422,道志村,5339
19,423,西桂町,5338
19,424,忍野村,5338
19,425,山中湖村,5338
19,429,鳴沢村,5338
19,430,富士河口湖町,5338
19,442,小菅村,5338
19,442,小菅村,5339
19,443,丹波山村,5338
20,201,長野市,5437
20,201,長野市,5438
20,201,長野市,5537
20,201,長野市,5538
20,202,松本市,5437
20,202,松本市,5438
20,203,上田市,5438
20,204,岡谷市,5437
20,204,岡谷市,5438
20,205,飯田市,5237
20,205,飯田市,5238
20,205,飯田市,5337
20,205,飯田市,5338
20,206,諏訪市,5338
20,206,諏訪市,5438
20,207,須坂市,5438
20,207,須坂市,5538
20,208,小諸市,5438
20,209,伊那市,5337
20,209,伊那市,5338
20,210,駒ヶ根市,5337
20,210,駒ヶ根市,5338
20,211,中野市,5538
20,212,大町市,5437
20,213,飯山市,5538
20,214,茅野市,5338
20,214,茅野市,5438
20,215,塩尻市,5337
20,215,塩尻市,5437
20,215,塩尻市,5438
20,217,佐久市,5438
20,218,千曲市,5438
20,219,東御市,5438
20,220,安曇野市,5437
20,303,小海町,5438
20,304,川上村,5338
20,305,南牧村,5338
20,305,南牧村,5438
20,306,南相木村,5338
20,306,南相木村,5438
20,307,北相木村,5438
20,309,佐久穂町,5438
20,321,軽井沢町,5438
20,323,御代田町,5438
20,324,立科町,5438
20,349,青木村,5438
20,350,長和町,5438
20,361,下諏訪町,5438
20,362,富士見町,5338
20,363,原村,5338
20,382,辰野町,5337
20,382,辰野町,5338
20,382,辰野町,5437
20,382,辰野町,5438
20,383,箕輪町,5337
20,383,箕輪町,5338
20,384,飯島町,5337
20,385,南箕輪村,5337
20,386,中川村,5337
20,386,中川村,5338
20,388,宮田村,5337
20,402,松川町,5337
20,402,松川町,5338
20,403,高森町,5337
20,404,阿南町,5237
20,404,阿南町,5337
20,407,阿智村,5337
20,409,平谷村,5237
20,409,平谷村,5337
20,410,根羽村,5237
20,411,下條村,5337
20,412,売木村,5237
20,413,天龍村,5237
20,414,泰阜村,5237
20,414,泰阜村,5337
20,415,喬木村,5337
20,416,豊丘村,5337
20,416,豊丘村,5338
20,417,大鹿村,5337
20,417,大鹿村,5338
20,422,上松町,5337
20,423,南木曽町,5337
20,425,木祖村,5337
20,425,木祖村,5437
20,429,王滝村,5337
20,430,大桑村,5337
20,432,木曽町,5337
20,432,木曽町,5437
20,446,麻績村,5437
20,446,麻績村,5438
20,448,生坂村,5437
20,450,山形村,5437
20,451,朝日村,5437
20,452,筑北村,5437
20,452,筑北村,5438
20,481,池田町,5437
20,482,松川村,5437
20,485,白馬村,5437
20,485,白馬村,5537
20,486,小谷村,5537
20,486,小谷村,5538
20,521,坂城町,5438
20,541,小布施町,5538
20,543,高山村,5438
20,543,高山村,5538
20,561,山ノ内町,5438
20,561,山ノ内町,5538
20,562,木島平村,5538
20,563,野沢温泉村,5538
20,583,信濃町,5538
20,588,小川村,5437
20,588,小川村,5438
20,588,小川村,5537
20,590,飯綱町,5538
20,602,栄村,5538
21,201,岐阜市,5336
21,202,大垣市,5236
21,202,大垣市,5336
21,203,高山市,5336
21,203,高山市,5337
21,203,高山市,5436
21,203,高山市,5437
21,204,多治見市,5237
21,204,多治見市,5337
21,205,関市,5336
21,205,関市,5337
21,206,中津川市,5337
21,207,美濃市,5336
21,208,瑞浪市,5237
21,208,瑞浪市,5337
21,209,羽島市,5236
21,209,羽島市,5336
21,210,恵那市,5237
21,210,恵那市,5337
21,211,美濃加茂市,5336
21,211,美濃加茂市,5337
21,212,土岐市,5237
21,212,土岐市,5337
21,213,各務原市,5336
21,214,可児市,5336
21,214,可児市,5337
21,215,山県市,5336
21,216,瑞穂市,5336
21,217,飛騨市,5436
21,217,飛騨市,5437
21,218,本巣市,5336
21,219,郡上市,5336
21,219,郡上市,5337
21,219,郡上市,5436
21,220,下呂市,5337
21,220,下呂市,5437
21,221,海津市,5236
21,302,岐南町,5336
21,303,笠松町,5336
21,341,養老町,5236
21,341,養老町,5336
21,361,垂井町,5236
21,361,垂井町,5336
21,362,関ケ原町,5236
21,362,関ケ原町,5336
21,381,神戸町,5336
21,382,輪之内町,5236
21,383,安八町,5236
21,383,安八町,5336
21,401,揖斐川町,5336
21,403,大野町,5336
21,404,池田町,5336
21,421,北方町,5336
21,501,坂祝町,5336
21,501,坂祝町,5337
21,502,富加町,5336
21,502,富加町,5337
21,503,川辺町,5337
21,504,七宗町,5337
21,505,八百津町,5337
21,506,白川町,5337
21,507,東白川村,5337
21,521,御嵩町,5337
21,604,白川村,5436
22,100,静岡市,5238
22,100,静岡市,5338
22,101,静岡市葵区,5338
22,102,静岡市駿河区,5238
22,103,静岡市清水区,5238
22,130,浜松市,5137
22,130,浜松市,5237
22,130,浜松市,5238
22,131,浜松市中区,5237
22,132,浜松市東区,5237
22,133,浜松市西区,5237
22,134,浜松市南区,5137
22,134,浜松市南区,5237
22,135,浜松市北区,5237
22,136,浜松市浜北区,5237
22,137,浜松市天竜区,5237
22,137,浜松市天竜区,5238
22,203,沼津市,5238
22,205,熱海市,5239
22,206,三島市,5238
22,206,三島市,5239
22,207,富士宮市,5238
22,207,富士宮市,5338
22,208,伊東市,5239
22,209,島田市,5238
22,210,富士市,5238
22,210,富士市,5338
22,211,磐田市,5137
22,211,磐田市,5237
22,212,焼津市,5238
22,213,掛川市,5137
22,213,掛川市,5138
22,213,掛川市,5237
22,213,掛川市,5238
22,214,藤枝市,5238
22,215,御殿場市,5238
22,215,御殿場市,5338
22,216,袋井市,5137
22,216,袋井市,5237
22,216,袋井市,5238
22,219,下田市,5138
22,219,下田市,5238
22,220,裾野市,5238
22,220,裾野市,5239
22,221,湖西市,5237
22,222,伊豆市,5238
22,222,伊豆市,5239
22,223,御前崎市,5138
22,223,御前崎市,5238
22,224,菊川市,5138
22,224,菊川市,5238
22,225,伊豆の国市,5238
22,225,伊豆の国市,5239
22,226,牧之原市,5138
22,226,牧之原市,5238
22,301,東伊豆町,5238
22,301,東伊豆町,5239
22,302,河津町,5238
22,302,河津町,5239
22,304,南伊豆町,5138
22,304,南伊豆町,5238
22,305,松崎町,5238
22,306,西伊豆町,5238
22,325,函南町,5238
22,325,函南町,5239
22,341,清水町,5238
22,342,長泉町,5238
22,344,小山町,5238
22,344,小山町,5239
22,344,小山町,5338
22,344,小山町,5339
22,424,吉田町,5238
22,429,川根本町,5237
22,429,川根本町,5238
22,429,川根本町,5338
22,461,森町,5237
22,461,森町,5238
23,100,名古屋市,5236
23,100,名古屋市,5237
23,101,名古屋市千種区,5236
23,102,名古屋市東区,5236
23,103,名古屋市北区,5236
23,104,名古屋市西区,5236
23,105,名古屋市中村区,5236
23,106,名古屋市中区,5236
23,107,名古屋市昭和区,5236
23,108,名古屋市瑞穂区,5236
23,109,名古屋市熱田区,5236
23,110,名古屋市中川区,5236
23,111,名古屋市港区,5236
23,112,名古屋市南区,5236
23,113,名古屋市守山区,5236
23,113,名古屋市守山区,5237
23,114,名古屋市緑区,5236
23,114,名古屋市緑区,5237
23,115,名古屋市名東区,5236
23,115,名古屋市名東区,5237
23,116,名古屋市天白区,5236
23,116,名古屋市天白区,5237
23,201,豊橋市,5137
23,201,豊橋市,5237
23,202,岡崎市,5237
23,203,一宮市,5236
23,203,一宮市,5336
23,204,瀬戸市,5237
23,205,半田市,5236
23,206,春日井市,5236
23,206,春日井市,5237
23,206,春日井市,5337
23,207,豊川市,5237
23,208,津島市,5236
23,209,碧南市,5236
23,209,碧南市,5237
23,210,刈谷市,5236
23,210,刈谷市,5237
23,211,豊田市,5237
23,212,安城市,5237
23,213,西尾市,5236
23,213,西尾市,5237
23,214,蒲郡市,5237
23,215,犬山市,5236
23,215,犬山市,5237
23,215,犬山市,5336
23,215,犬山市,5337
23,216,常滑市,5236
23,217,江南市,5236
23,217,江南市,5336
23,219,小牧市,5236
23,219,小牧市,5237
23,219,小牧市,5337
23,220,稲沢市,5236
23,221,新城市,5237
23,222,東海市,5236
23,223,大府市,5236
23,223,大府市,5237
23,224,知多市,5236
23,225,知立市,5237
23,226,尾張旭市,5237
23,227,高浜市,5236
23,227,高浜市,5237
23,228,岩倉市,5236
23,229,豊明市,5236
23,229,豊明市,5237
23,230,日進市,5237
23,231,田原市,5137
23,231,田原市,5237
23,232,愛西市,5236
23,233,清須市,5236
23,234,北名古屋市,5236
23,235,弥富市,5236
23,236,みよし市,5237
23,237,あま市,5236
23,238,長久手市,5237
23,302,東郷町,5237
23,342,豊山町,5236
23,361,大口町,5236
23,361,大口町,5336
23,362,扶桑町,5336
23,424,大治町,5236
23,425,蟹江町,5236
23,427,飛島村,5236
23,441,阿久比町,5236
23,442,東浦町,5236
23,445,南知多町,5136
23,445,南知多町,5137
23,445,南知多町,5236
23,445,南知多町,5237
23,446,美浜町,5236
23,447,武豊町,5236
23,501,幸田町,5237
23,561,設楽町,5237
23,562,東栄町,5237
23,563,豊根村,5237
23,999,境界未定地域,5236
24,201,津市,5136
24,201,津市,5236
24,202,四日市市,5236
24,203,伊勢市,5136
24,204,松阪市,5136
24,205,桑名市,5236
24,207,鈴鹿市,5236
24,208,名張市,5136
24,208,名張市,5236
24,209,尾鷲市,5036
24,209,尾鷲市,5136
24,210,亀山市,5236
24,211,鳥羽市,5136
24,212,熊野市,5035
24,212,熊野市,5036
24,212,熊野市,5135
24,212,熊野市,5136
24,214,いなべ市,5236
24,215,志摩市,5136
24,216,伊賀市,5136
24,216,伊賀市,5236
24,303,木曽岬町,5236
24,324,東員町,5236
24,341,菰野町,5236
24,343,朝日町,5236
24,344,川越町,5236
24,441,多気町,5136
24,442,明和町,5136
24,443,大台町,5136
24,461,玉城町,5136
24,470,度会町,5136
24,471,大紀町,5136
24,472,南伊勢町,5136
24,543,紀北町,5136
24,561,御浜町,5035
24,561,御浜町,5036
24,562,紀宝町,5035
24,562,紀宝町,5036
25,201,大津市,5235
25,201,大津市,5236
25,202,彦根市,5236
25,202,彦根市,5336
25,203,長浜市,5336
25,204,近江八幡市,5235
25,204,近江八幡市,5236
25,206,草津市,5235
25,207,守山市,5235
25,207,守山市,5236
25,208,栗東市,5235
25,208,栗東市,5236
25,209,甲賀市,5235
25,209,甲賀市,5236
25,210,野洲市,5235
25,210,野洲市,5236
25,211,湖南市,5236
25,212,高島市,5235
25,212,高島市,5236
25,212,高島市,5335
25,212,高島市,5336
25,213,東近江市,5236
25,214,米原市,5236
25,214,米原市,5336
25,383,日野町,5236
25,384,竜王町,5236
25,425,愛荘町,5236
25,441,豊郷町,5236
25,442,甲良町,5236
25,443,多賀町,5236
26,100,京都市,5235
26,101,京都市北区,5235
26,102,京都市上京区,5235
26,103,京都市左京区,5235
26,104,京都市中京区,5235
26,105,京都市東山区,5235
26,106,京都市下京区,5235
26,107,京都市南区,5235
26,108,京都市右京区,5235
26,109,京都市伏見区,5235
26,110,京都市山科区,5235
26,111,京都市西京区,5235
26,201,福知山市,5234
26,201,福知山市,5235
26,201,福知山市,5334
26,201,福知山市,5335
26,202,舞鶴市,5335
26,203,綾部市,5235
26,203,綾部市,5335
26,204,宇治市,5235
26,205,宮津市,5335
26,206,亀岡市,5235
26,207,城陽市,5235
26,208,向日市,5235
26,209,長岡京市,5235
26,210,八幡市,5235
26,211,京田辺市,5235
26,212,京丹後市,5334
26,212,京丹後市,5335
26,213,南丹市,5235
26,213,南丹市,5335
26,214,木津川市,5235
26,303,大山崎町,5235
26,322,久御山町,5235
26,343,井手町,5235
26,344,宇治田原町,5235
26,364,笠置町,5235
26,365,和束町,5235
26,365,和束町,5236
26,366,精華町,5235
26,367,南山城村,5235
26,367,南山城村,5236
26,407,京丹波町,5235
26,407,京丹波町,5335
26,463,伊根町,5335
26,465,与謝野町,5335
27,100,大阪市,5135
27,100,大阪市,5235
27,102,大阪市都島区,5235
27,103,大阪市福島区,5235
27,104,大阪市此花区,5135
27,104,大阪市此花区,5235
27,106,大阪市西区,5235
27,107,大阪市港区,5135
27,107,大阪市港区,5235
27,108,大阪市大正区,5135
27,108,大阪市大正区,5235
27,109,大阪市天王寺区,5135
27,109,大阪市天王寺区,5235
27,111,大阪市浪速区,5135
27,111,大阪市浪速区,5235
27,113,大阪市西淀川区,5235
27,114,大阪市東淀川区,5235
27,115,大阪市東成区,5135
27,115,大阪市東成区,5235
27,116,大阪市生野区,5135
27,117,大阪市旭区,5235
27,118,大阪市城東区,5235
27,119,大阪市阿倍野区,5135
27,120,大阪市住吉区,5135
27,121,大阪市東住吉区,5135
27,122,大阪市西成区,5135
27,123,大阪市淀川区,5235
27,124,大阪市鶴見区,5235
27,125,大阪市住之江区,5135
27,126,大阪市平野区,5135
27,127,大阪市北区,5235
27,128,大阪市中央区,5135
27,128,大阪市中央区,5235
27,140,堺市,5135
27,141,堺市堺区,5135
27,142,堺市中区,5135
27,143,堺市東区,5135
27,144,堺市西区,5135
27,145,堺市南区,5135
27,146,堺市北区,5135
27,147,堺市美原区,5135
27,202,岸和田市,5135
27,203,豊中市,5235
27,204,池田市,5235
27,205,吹田市,5235
27,206,泉大津市,5135
27,207,高槻市,5235
27,208,貝塚市,5135
27,209,守口市,5235
27,210,枚方市,5235
27,211,茨木市,5235
27,212,八尾市,5135
27,213,泉佐野市,5135
27,214,富田林市,5135
27,215,寝屋川市,5235
27,216,河内長野市,5135
27,217,松原市,5135
27,218,大東市,5235
27,219,和泉市,5135
27,220,箕面市,5235
27,221,柏原市,5135
27,222,羽曳野市,5135
27,223,門真市,5235
27,224,摂津市,5235
27,225,高石市,5135
27,226,藤井寺市,5135
27,227,東大阪市,5135
27,227,東大阪市,5235
27,228,泉南市,5135
27,229,四條畷市,5235
27,230,交野市,5235
27,231,大阪狭山市,5135
27,232,阪南市,5135
27,301,島本町,5235
27,321,豊能町,5235
27,322,能勢町,5235
27,341,忠岡町,5135
27,361,熊取町,5135
27,362,田尻町,5135
27,366,岬町,5135
27,381,太子町,5135
27,382,河南町,5135
27,383,千早赤阪村,5135
28,100,神戸市,5134
28,100,神戸市,5135
28,100,神戸市,5234
28,100,神戸市,5235
28,101,神戸市東灘区,5135
28,101,神戸市東灘区,5235
28,102,神戸市灘区,5235
28,105,神戸市兵庫区,5135
28,105,神戸市兵庫区,5235
28,106,神戸市長田区,5135
28,106,神戸市長田区,5235
28,107,神戸市須磨区,5135
28,107,神戸市須磨区,5235
28,108,神戸市垂水区,5135
28,108,神戸市垂水区,5235
28,109,神戸市北区,5235
28,110,神戸市中央区,5135
28,110,神戸市中央区,5235
28,111,神戸市西区,5134
28,111,神戸市西区,5135
28,111,神戸市西区,5234
28,111,神戸市西区,5235
28,201,姫路市,5134
28,201,姫路市,5234
28,202,尼崎市,5235
28,203,明石市,5134
28,203,明石市,5135
28,203,明石市,5234
28,204,西宮市,5235
28,205,洲本市,5134
28,206,芦屋市,5235
28,207,伊丹市,5235
28,208,相生市,5234
28,209,豊岡市,5334
28,209,豊岡市,5335
28,210,加古川市,5234
28,212,赤穂市,5234
28,213,西脇市,5234
28,213,西脇市,5235
28,214,宝塚市,5235
28,215,三木市,5234
28,215,三木市,5235
28,216,高砂市,5234
28,217,川西市,5235
28,218,小野市,5234
28,218,小野市,5235
28,219,三田市,5235
28,220,加西市,5234
28,221,丹波篠山市,5235
28,222,養父市,5234
28,222,養父市,5334
28,223,丹波市,5234
28,223,丹波市,5235
28,224,南あわじ市,5134
28,225,朝来市,5234
28,225,朝来市,5334
28,226,淡路市,5134
28,226,淡路市,5135
28,227,宍粟市,5234
28,227,宍粟市,5334
28,228,加東市,5234
28,228,加東市,5235
28,229,たつの市,5234
28,301,猪名川町,5235
28,365,多可町,5234
28,381,稲美町,5234
28,382,播磨町,5234
28,442,市川町,5234
28,443,福崎町,5234
28,446,神河町,5234
28,464,太子町,5234
28,481,上郡町,5234
28,501,佐用町,5234
28,585,香美町,5334
28,586,新温泉町,5334
29,201,奈良市,5135
29,201,奈良市,5136
29,201,奈良市,5235
29,201,奈良市,5236
29,202,大和高田市,5135
29,203,大和郡山市,5135
29,203,大和郡山市,5235
29,204,天理市,5135
29,205,橿原市,5135
29,206,桜井市,5135
29,207,五條市,5135
29,208,御所市,5135
29,209,生駒市,5135
29,209,生駒市,5235
29,210,香芝市,5135
29,211,葛城市,5135
29,212,宇陀市,5135
29,212,宇陀市,5136
29,322,山添村,5135
29,322,山添村,5136
29,322,山添村,5235
29,322,山添村,5236
29,342,平群町,5135
29,343,三郷町,5135
29,344,斑鳩町,5135
29,345,安堵町,5135
29,361,川西町,5135
29,362,三宅町,5135
29,363,田原本町,5135
29,385,曽爾村,5136
29,386,御杖村,5136
29,401,高取町,5135
29,402,明日香村,5135
29,424,上牧町,5135
29,425,王寺町,5135
29,426,広陵町,5135
29,427,河合町,5135
29,441,吉野町,5135
29,442,大淀町,5135
29,443,下市町,5135
29,444,黒滝村,5135
29,446,天川村,5135
29,447,野迫川村,5135
29,449,十津川村,5035
29,449,十津川村,5135
29,450,下北山村,5035
29,450,下北山村,5135
29,450,下北山村,5136
29,451,上北山村,5135
29,451,上北山村,5136
29,452,川上村,5135
29,452,川上村,5136
29,453,東吉野村,5135
29,453,東吉野村,5136
30,201,和歌山市,5134
30,201,和歌山市,5135
30,202,海南市,5135
30,203,橋本市,5135
30,204,有田市,5135
30,205,御坊市,5035
30,206,田辺市,5035
30,206,田辺市,5135
30,207,新宮市,5035
30,207,新宮市,5036
30,208,紀の川市,5135
30,209,岩出市,5135
30,304,紀美野町,5135
30,341,かつらぎ町,5135
30,343,九度山町,5135
30,344,高野町,5135
30,361,湯浅町,5135
30,362,広川町,5035
30,362,広川町,5135
30,366,有田川町,5135
30,381,美浜町,5035
30,382,日高町,5035
30,383,由良町,5035
30,383,由良町,5135
30,390,印南町,5035
30,391,みなべ町,5035
30,392,日高川町,5035
30,392,日高川町,5135
30,401,白浜町,5035
30,404,上富田町,5035
30,406,すさみ町,5035
30,421,那智勝浦町,5035
30,422,太地町,5035
30,424,古座川町,5035
30,427,北山村,5035
30,427,北山村,5036
30,427,北山村,5135
30,427,北山村,5136
30,428,串本町,5035
30,999,境界未定地域,5035
31,201,鳥取市,5233
31,201,鳥取市,5234
31,201,鳥取市,5333
31,201,鳥取市,5334
31,202,米子市,5333
31,203,倉吉市,5233
31,203,倉吉市,5333
31,204,境港市,5333
31,302,岩美町,5334
31,325,若桜町,5234
31,325,若桜町,5334
31,328,智頭町,5234
31,329,八頭町,5234
31,329,八頭町,5334
31,364,三朝町,5233
31,364,三朝町,5333
31,364,三朝町,5334
31,370,湯梨浜町,5333
31,371,琴浦町,5333
31,372,北栄町,5333
31,384,日吉津村,5333
31,386,大山町,5333
31,389,南部町,5233
31,389,南部町,5333
31,390,伯耆町,5233
31,390,伯耆町,5333
31,401,日南町,5233
31,402,日野町,5233
31,403,江府町,5233
31,403,江府町,5333
32,201,松江市,5233
32,201,松江市,5332
32,201,松江市,5333
32,202,浜田市,5231
32,202,浜田市,5232
32,203,出雲市,5232
32,203,出雲市,5332
32,204,益田市,5131
32,204,益田市,5132
32,204,益田市,5231
32,204,益田市,5232
32,205,大田市,5232
32,206,安来市,5233
32,206,安来市,5333
32,207,江津市,5232
32,209,雲南市,5232
32,209,雲南市,5233
32,209,雲南市,5332
32,209,雲南市,5333
32,343,奥出雲町,5232
32,343,奥出雲町,5233
32,386,飯南町,5232
32,441,川本町,5232
32,448,美郷町,5232
32,449,邑南町,5232
32,501,津和野町,5131
32,505,吉賀町,5131
32,505,吉賀町,5132
32,525,海士町,5433
32,526,西ノ島町,5432
32,526,西ノ島町,5433
32,527,知夫村,5333
32,527,知夫村,5432
32,527,知夫村,5433
32,528,隠岐の島町,5433
32,528,隠岐の島町,5531
33,100,岡山市,5133
33,100,岡山市,5233
33,100,岡山市,5234
33,101,岡山市北区,5133
33,101,岡山市北区,5233
33,102,岡山市中区,5133
33,102,岡山市中区,5233
33,102,岡山市中区,5234
33,103,岡山市東区,5133
33,103,岡山市東区,5134
33,103,岡山市東区,5233
33,103,岡山市東区,5234
33,104,岡山市南区,5133
33,104,岡山市南区,5134
33,202,倉敷市,5133
33,202,倉敷市,5233
33,203,津山市,5233
33,203,津山市,5234
33,204,玉野市,5133
33,204,玉野市,5134
33,205,笠岡市,5133
33,207,井原市,5133
33,207,井原市,5233
33,208,総社市,5133
33,208,総社市,5233
33,209,高梁市,5233
33,210,新見市,5233
33,211,備前市,5234
33,212,瀬戸内市,5134
33,212,瀬戸内市,5234
33,213,赤磐市,5233
33,213,赤磐市,5234
33,214,真庭市,5233
33,214,真庭市,5333
33,215,美作市,5234
33,216,浅口市,5133
33,346,和気町,5234
33,423,早島町,5133
33,445,里庄町,5133
33,461,矢掛町,5133
33,461,矢掛町,5233
33,586,新庄村,5233
33,606,鏡野町,5233
33,606,鏡野町,5234
33,606,鏡野町,5333
33,606,鏡野町,5334
33,622,勝央町,5234
33,623,奈義町,5234
33,643,西粟倉村,5234
33,663,久米南町,5233
33,663,久米南町,5234
33,666,美咲町,5233
33,666,美咲町,5234
33,681,吉備中央町,5233
34,100,広島市,5132
34,101,広島市中区,5132
34,102,広島市東区,5132
34,103,広島市南区,5132
34,104,広島市西区,5132
34,105,広島市安佐南区,5132
34,106,広島市安佐北区,5132
34,107,広島市安芸区,5132
34,108,広島市佐伯区,5132
34,202,呉市,5132
34,203,竹原市,5132
34,203,竹原市,5133
34,204,三原市,5132
34,204,三原市,5133
34,205,尾道市,5133
34,207,福山市,5133
34,207,福山市,5233
34,208,府中市,5133
34,208,府中市,5233
34,209,三次市,5132
34,209,三次市,5133
34,209,三次市,5232
34,209,三次市,5233
34,210,庄原市,5232
34,210,庄原市,5233
34,211,大竹市,5132
34,212,東広島市,5132
34,213,廿日市市,5132
34,214,安芸高田市,5132
34,214,安芸高田市,5232
34,215,江田島市,5132
34,302,府中町,5132
34,304,海田町,5132
34,307,熊野町,5132
34,309,坂町,5132
34,368,安芸太田町,5132
34,368,安芸太田町,5232
34,369,北広島町,5132
34,369,北広島町,5232
34,431,大崎上島町,5132
34,462,世羅町,5132
34,462,世羅町,5133
34,462,世羅町,5232
34,462,世羅町,5233
34,545,神石高原町,5133
34,545,神石高原町,5233
35,201,下関市,5030
35,201,下関市,5031
35,201,下関市,5130
35,201,下関市,5131
35,202,宇部市,5031
35,202,宇部市,5131
35,203,山口市,5031
35,203,山口市,5131
35,204,萩市,5131
35,204,萩市,5231
35,206,防府市,5031
35,206,防府市,5131
35,207,下松市,5031
35,207,下松市,5131
35,208,岩国市,5032
35,208,岩国市,5131
35,208,岩国市,5132
35,210,光市,5031
35,210,光市,5032
35,210,光市,5131
35,210,光市,5132
35,211,長門市,5130
35,211,長門市,5131
35,212,柳井市,5032
35,212,柳井市,5132
35,213,美祢市,5131
35,215,周南市,5031
35,215,周南市,5131
35,215,周南市,5132
35,216,山陽小野田市,5031
35,216,山陽小野田市,5131
35,305,周防大島町,5032
35,305,周防大島町,5132
35,321,和木町,5132
35,341,上関町,5031
35,341,上関町,5032
35,343,田布施町,5031
35,343,田布施町,5032
35,343,田布施町,5132
35,344,平生町,5032
35,502,阿武町,5131
36,201,徳島市,5034
36,201,徳島市,5134
36,202,鳴門市,5134
36,203,小松島市,5034
36,203,小松島市,5134
36,204,阿南市,5034
36,205,吉野川市,5034
36,205,吉野川市,5134
36,206,阿波市,5134
36,207,美馬市,5034
36,207,美馬市,5133
36,207,美馬市,5134
36,208,三好市,5033
36,208,三好市,5034
36,208,三好市,5133
36,208,三好市,5134
36,301,勝浦町,5034
36,302,上勝町,5034
36,321,佐那河内村,5034
36,321,佐那河内村,5134
36,341,石井町,5134
36,342,神山町,5034
36,342,神山町,5134
36,368,那賀町,5034
36,383,牟岐町,5034
36,387,美波町,5034
36,388,海陽町,5034
36,401,松茂町,5134
36,402,北島町,5134
36,403,藍住町,5134
36,404,板野町,5134
36,405,上板町,5134
36,468,つるぎ町,5033
36,468,つるぎ町,5034
36,468,つるぎ町,5133
36,468,つるぎ町,5134
36,489,東みよし町,5033
36,489,東みよし町,5034
36,489,東みよし町,5133
36,489,東みよし町,5134
37,201,高松市,5133
37,201,高松市,5134
37,202,丸亀市,5133
37,203,坂出市,5133
37,204,善通寺市,5133
37,205,観音寺市,5133
37,206,さぬき市,5134
37,207,東かがわ市,5134
37,208,三豊市,5133
37,322,土庄町,5134
37,324,小豆島町,5134
37,341,三木町,5134
37,364,直島町,5133
37,364,直島町,5134
37,386,宇多津町,5133
37,387,綾川町,5133
37,387,綾川町,5134
37,403,琴平町,5133
37,404,多度津町,5133
37,406,まんのう町,5133
37,406,まんのう町,5134
38,201,松山市,5032
38,201,松山市,5132
38,202,今治市,5032
38,202,今治市,5033
38,202,今治市,5132
38,202,今治市,5133
38,203,宇和島市,4932
38,203,宇和島市,5032
38,204,八幡浜市,5032
38,205,新居浜市,5033
38,205,新居浜市,5133
38,206,西条市,5032
38,206,西条市,5033
38,207,大洲市,5032
38,210,伊予市,5032
38,213,四国中央市,5033
38,213,四国中央市,5133
38,214,西予市,4932
38,214,西予市,5032
38,215,東温市,5032
38,215,東温市,5033
38,356,上島町,5133
38,386,久万高原町,5032
38,386,久万高原町,5033
38,401,松前町,5032
38,402,砥部町,5032
38,422,内子町,5032
38,442,伊方町,5032
38,484,松野町,4932
38,488,鬼北町,4932
38,488,鬼北町,5032
38,506,愛南町,4932
39,201,高知市,5033
39,202,室戸市,4934
39,202,室戸市,5034
39,203,安芸市,5033
39,203,安芸市,5034
39,204,南国市,5033
39,205,土佐市,5033
39,206,須崎市,4933
39,206,須崎市,5033
39,208,宿毛市,4932
39,209,土佐清水市,4932
39,209,土佐清水市,4933
39,210,四万十市,4932
39,210,四万十市,4933
39,211,香南市,5033
39,212,香美市,5033
39,212,香美市,5034
39,301,東洋町,5034
39,302,奈半利町,5034
39,303,田野町,5033
39,303,田野町,5034
39,304,安田町,5033
39,304,安田町,5034
39,305,北川村,5034
39,306,馬路村,5034
39,307,芸西村,5033
39,341,本山町,5033
39,344,大豊町,5033
39,363,土佐町,5033
39,364,大川村,5033
39,386,いの町,5033
39,387,仁淀川町,5033
39,401,中土佐町,4933
39,401,中土佐町,5033
39,402,佐川町,5033
39,403,越知町,5033
39,405,梼原町,4932
39,405,梼原町,4933
39,405,梼原町,5032
39,405,梼原町,5033
39,410,日高村,5033
39,411,津野町,5032
39,411,津野町,5033
39,412,四万十町,4932
39,412,四万十町,4933
39,412,四万十町,5033
39,424,大月町,4932
39,427,三原村,4932
39,428,黒潮町,4932
39,428,黒潮町,4933
40,100,北九州市,5030
40,101,北九州市門司区,5030
40,101,北九州市門司区,5031
40,101,北九州市門司区,5130
40,101,北九州市門司区,5031
40,103,北九州市若松区,5030
40,103,北九州市若松区,5130
40,105,北九州市戸畑区,5030
40,106,北九州市小倉北区,5030
40,106,北九州市小倉北区,5130
40,107,北九州市小倉南区,5030
40,107,北九州市小倉南区,5031
40,108,北九州市八幡東区,5030
40,109,北九州市八幡西区,5030
40,130,福岡市,5030
40,131,福岡市東区,5030
40,132,福岡市博多区,5030
40,133,福岡市中央区,5030
40,134,福岡市南区,5030
40,135,福岡市西区,5030
40,136,福岡市城南区,5030
40,137,福岡市早良区,5030
40,202,大牟田市,4930
40,203,久留米市,4930
40,203,久留米市,5030
40,204,直方市,5030
40,205,飯塚市,5030
40,206,田川市,5030
40,207,柳川市,4930
40,210,八女市,4930
40,211,筑後市,4930
40,212,大川市,4930
40,213,行橋市,5030
40,213,行橋市,5031
40,214,豊前市,5030
40,214,豊前市,5031
40,215,中間市,5030
40,216,小郡市,5030
40,217,筑紫野市,5030
40,218,春日市,5030
40,219,大野城市,5030
40,220,宗像市,5030
40,220,宗像市,5130
40,221,太宰府市,5030
40,223,古賀市,5030
40,224,福津市,5030
40,225,うきは市,4930
40,225,うきは市,5030
40,226,宮若市,5030
40,227,嘉麻市,5030
40,228,朝倉市,5030
40,229,みやま市,4930
40,230,糸島市,5029
40,230,糸島市,5030
40,231,那珂川市,5030
40,341,宇美町,5030
40,342,篠栗町,5030
40,343,志免町,5030
40,344,須恵町,5030
40,345,新宮町,5030
40,348,久山町,5030
40,349,粕屋町,5030
40,381,芦屋町,5030
40,382,水巻町,5030
40,383,岡垣町,5030
40,384,遠賀町,5030
40,401,小竹町,5030
40,402,鞍手町,5030
40,421,桂川町,5030
40,447,筑前町,5030
40,448,東峰村,5030
40,503,大刀洗町,5030
40,522,大木町,4930
40,544,広川町,4930
40,601,香春町,5030
40,602,添田町,5030
40,604,糸田町,5030
40,605,川崎町,5030
40,608,大任町,5030
40,609,赤村,5030
40,610,福智町,5030
40,621,苅田町,5030
40,621,苅田町,5031
40,625,みやこ町,5030
40,625,みやこ町,5031
40,642,吉富町,5031
40,646,上毛町,5031
40,647,築上町,5030
40,647,築上町,5031
40,999,境界未定地域,5031
41,201,佐賀市,4930
41,201,佐賀市,5030
41,202,唐津市,4929
41,202,唐津市,4930
41,202,唐津市,5029
41,202,唐津市,5030
41,203,鳥栖市,4930
41,203,鳥栖市,5030
41,204,多久市,4930
41,204,多久市,5030
41,205,伊万里市,4929
41,205,伊万里市,4930
41,205,伊万里市,5029
41,206,武雄市,4929
41,206,武雄市,4930
41,207,鹿島市,4930
41,208,小城市,4930
41,208,小城市,5030
41,209,嬉野市,4929
41,209,嬉野市,4930
41,210,神埼市,4930
41,210,神埼市,5030
41,327,吉野ヶ里町,4930
41,327,吉野ヶ里町,5030
41,341,基山町,5030
41,345,上峰町,4930
41,345,上峰町,5030
41,346,みやき町,4930
41,346,みやき町,5030
41,387,玄海町,5029
41,401,有田町,4929
41,423,大町町,4930
41,424,江北町,4930
41,425,白石町,4930
41,441,太良町,4930
42,201,長崎市,4829
42,201,長崎市,4929
42,202,佐世保市,4929
42,202,佐世保市,5029
42,203,島原市,4930
42,204,諫早市,4929
42,204,諫早市,4930
42,205,大村市,4929
42,205,大村市,4930
42,207,平戸市,4929
42,207,平戸市,5029
42,208,松浦市,4929
42,208,松浦市,5029
42,209,対馬市,5129
42,209,対馬市,5229
42,210,壱岐市,5029
42,211,五島市,4728
42,211,五島市,4828
42,211,五島市,4928
42,211,五島市,4929
42,212,西海市,4929
42,213,雲仙市,4830
42,213,雲仙市,4930
42,214,南島原市,4830
42,214,南島原市,4930
42,307,長与町,4929
42,308,時津町,4929
42,321,東彼杵町,4929
42,321,東彼杵町,4930
42,322,川棚町,4929
42,323,波佐見町,4929
42,383,小値賀町,4928
42,383,小値賀町,4929
42,391,佐々町,4929
42,411,新上五島町,4928
42,411,新上五島町,4929
43,100,熊本市,4930
43,101,熊本市中央区,4930
43,102,熊本市東区,4930
43,103,熊本市西区,4930
43,104,熊本市南区,4830
43,104,熊本市南区,4930
43,105,熊本市北区,4930
43,202,八代市,4830
43,202,八代市,4831
43,203,人吉市,4830
43,204,荒尾市,4930
43,205,水俣市,4830
43,206,玉名市,4930
43,208,山鹿市,4930
43,210,菊池市,4930
43,211,宇土市,4830
43,211,宇土市,4930
43,212,上天草市,4830
43,213,宇城市,4830
43,213,宇城市,4930
43,214,阿蘇市,4930
43,214,阿蘇市,4931
43,215,天草市,4829
43,215,天草市,4830
43,216,合志市,4930
43,348,美里町,4830
43,364,玉東町,4930
43,367,南関町,4930
43,368,長洲町,4930
43,369,和水町,4930
43,403,大津町,4930
43,404,菊陽町,4930
43,423,南小国町,4930
43,423,南小国町,4931
43,424,小国町,4930
43,424,小国町,4931
43,425,産山村,4931
43,428,高森町,4931
43,432,西原村,4930
43,433,南阿蘇村,4930
43,433,南阿蘇村,4931
43,441,御船町,4830
43,441,御船町,4930
43,442,嘉島町,4930
43,443,益城町,4930
43,444,甲佐町,4830
43,444,甲佐町,4930
43,447,山都町,4830
43,447,山都町,4831
43,447,山都町,4930
43,447,山都町,4931
43,468,氷川町,4830
43,482,芦北町,4830
43,484,津奈木町,4830
43,501,錦町,4830
43,505,多良木町,4830
43,505,多良木町,4831
43,506,湯前町,4830
43,506,湯前町,4831
43,507,水上村,4830
43,507,水上村,4831
43,510,相良村,4830
43,511,五木村,4830
43,512,山江村,4830
43,513,球磨村,4830
43,514,あさぎり町,4830
43,531,苓北町,4830
44,201,大分市,4931
44,202,別府市,4931
44,202,別府市,5031
44,203,中津市,5030
44,203,中津市,5031
44,204,日田市,4930
44,204,日田市,4931
44,204,日田市,5030
44,204,日田市,5031
44,205,佐伯市,4931
44,205,佐伯市,4932
44,206,臼杵市,4931
44,207,津久見市,4931
44,207,津久見市,4932
44,208,竹田市,4931
44,209,豊後高田市,5031
44,210,杵築市,5031
44,211,宇佐市,4931
44,211,宇佐市,5031
44,212,豊後大野市,4931
44,213,由布市,4931
44,214,国東市,5031
44,322,姫島村,5031
44,341,日出町,5031
44,461,九重町,4931
44,462,玖珠町,4931
44,462,玖珠町,5031
45,201,宮崎市,4731
45,201,宮崎市,4831
45,202,都城市,4730
45,202,都城市,4731
45,203,延岡市,4831
45,203,延岡市,4931
45,204,日南市,4731
45,205,小林市,4730
45,205,小林市,4731
45,205,小林市,4830
45,205,小林市,4831
45,206,日向市,4831
45,207,串間市,4731
45,208,西都市,4831
45,209,えびの市,4730
45,209,えびの市,4830
45,341,三股町,4731
45,361,高原町,4730
45,361,高原町,4731
45,382,国富町,4731
45,382,国富町,4831
45,383,綾町,4731
45,383,綾町,4831
45,401,高鍋町,4831
45,402,新富町,4831
45,403,西米良村,4831
45,404,木城町,4831
45,405,川南町,4831
45,406,都農町,4831
45,421,門川町,4831
45,429,諸塚村,4831
45,430,椎葉村,4831
45,431,美郷町,4831
45,441,高千穂町,4831
45,441,高千穂町,4931
45,442,日之影町,4831
45,442,日之影町,4931
45,443,五ヶ瀬町,4831
45,443,五ヶ瀬町,4931
46,201,鹿児島市,4630
46,201,鹿児島市,4730
46,203,鹿屋市,4630
46,203,鹿屋市,4730
46,204,枕崎市,4630
46,204,枕崎市,4730
46,206,阿久根市,4730
46,206,阿久根市,4830
46,208,出水市,4730
46,208,出水市,4830
46,210,指宿市,4630
46,213,西之表市,4530
46,213,西之表市,4531
46,213,西之表市,4630
46,213,西之表市,4631
46,214,垂水市,4730
46,215,薩摩川内市,4729
46,215,薩摩川内市,4730
46,216,日置市,4730
46,217,曽於市,4730
46,217,曽於市,4731
46,218,霧島市,4730
46,219,いちき串木野市,4730
46,220,南さつま市,4629
46,220,南さつま市,4630
46,220,南さつま市,4730
46,221,志布志市,4730
46,221,志布志市,4731
46,222,奄美市,4229
46,222,奄美市,4329
46,223,南九州市,4630
46,223,南九州市,4730
46,224,伊佐市,4730
46,224,伊佐市,4830
46,225,姶良市,4730
46,303,三島村,4629
46,303,三島村,4630
46,304,十島村,4328
46,304,十島村,4329
46,304,十島村,4429
46,304,十島村,4529
46,304,十島村,4530
46,392,さつま町,4730
46,392,さつま町,4830
46,404,長島町,4830
46,452,湧水町,4730
46,452,湧水町,4830
46,468,大崎町,4730
46,468,大崎町,4731
46,482,東串良町,4730
46,482,東串良町,4731
46,490,錦江町,4630
46,491,南大隅町,4630
46,492,肝付町,4630
46,492,肝付町,4631
46,492,肝付町,4730
46,492,肝付町,4731
46,501,中種子町,4530
46,501,中種子町,4531
46,502,南種子町,4530
46,505,屋久島町,4530
46,523,大和村,4229
46,524,宇検村,4229
46,525,瀬戸内町,4129
46,525,瀬戸内町,4229
46,527,龍郷町,4229
46,529,喜界町,4229
46,529,喜界町,4230
46,530,徳之島町,4128
46,530,徳之島町,4129
46,531,天城町,4128
46,532,伊仙町,4128
46,532,伊仙町,4129
46,533,和泊町,4128
46,534,知名町,4028
46,534,知名町,4128
46,535,与論町,4028
46,999,境界未定地域,4629
46,999,境界未定地域,4729
47,201,那覇市,3927
47,205,宜野湾市,3927
47,207,石垣市,3624
47,207,石垣市,3823
47,207,石垣市,3824
47,208,浦添市,3927
47,209,名護市,3927
47,209,名護市,3928
47,209,名護市,4027
47,209,名護市,4028
47,210,糸満市,3927
47,211,沖縄市,3927
47,212,豊見城市,3927
47,213,うるま市,3927
47,213,うるま市,3928
47,214,宮古島市,3725
47,215,南城市,3927
47,301,国頭村,4028
47,302,大宜味村,3928
47,302,大宜味村,4028
47,303,東村,3928
47,303,東村,4028
47,306,今帰仁村,3927
47,306,今帰仁村,4027
47,306,今帰仁村,4028
47,308,本部町,3927
47,308,本部町,4027
47,311,恩納村,3927
47,313,宜野座村,3927
47,313,宜野座村,3928
47,314,金武町,3927
47,315,伊江村,4027
47,324,読谷村,3927
47,325,嘉手納町,3927
47,326,北谷町,3927
47,327,北中城村,3927
47,328,中城村,3927
47,329,西原町,3927
47,348,与那原町,3927
47,350,南風原町,3927
47,353,渡嘉敷村,3927
47,354,座間味村,3927
47,355,粟国村,3927
47,356,渡名喜村,3927
47,357,南大東村,3831
47,358,北大東村,3631
47,358,北大東村,3831
47,359,伊平屋村,4027
47,359,伊平屋村,4028
47,360,伊是名村,4027
47,361,久米島町,3926
47,361,久米島町,4128
47,362,八重瀬町,3927
47,375,多良間村,3624
47,375,多良間村,3724
47,381,竹富町,3623
47,381,竹富町,3624
47,382,与那国町,3622
47,382,与那国町,3623
47,999,境界未定地域,3927
